{
  "version": 1,
  "author": "Maisyaroh",
  "editor": "wokwi",
  "parts": [
    { "type": "wokwi-arduino-uno", "id": "uno", "top": 0, "left": 0, "attrs": {} },
    {
      "type": "wokwi-led",
      "id": "led1",
      "top": 150,
      "left": 378.2,
      "attrs": { "color": "green" }
    },
    {
      "type": "wokwi-led",
      "id": "led2",
      "top": 73.2,
      "left": 368.6,
      "attrs": { "color": "yellow" }
    },
    { "type": "wokwi-led", "id": "led3", "top": -3.6, "left": 368.6, "attrs": { "color": "red" } },
    {
      "type": "wokwi-led",
      "id": "led4",
      "top": 140.4,
      "left": -169,
      "attrs": { "color": "green" }
    },
    {
      "type": "wokwi-led",
      "id": "led5",
      "top": 73.2,
      "left": -169,
      "attrs": { "color": "yellow" }
    },
    { "type": "wokwi-led", "id": "led6", "top": 15.6, "left": -169, "attrs": { "color": "red" } },
    {
      "type": "wokwi-led",
      "id": "led7",
      "top": -147.6,
      "left": 61.4,
      "attrs": { "color": "red" }
    },
    {
      "type": "wokwi-led",
      "id": "led8",
      "top": -147.6,
      "left": 119,
      "attrs": { "color": "yellow" }
    },
    {
      "type": "wokwi-led",
      "id": "led9",
      "top": -147.6,
      "left": 176.6,
      "attrs": { "color": "green" }
    },
    {
      "type": "wokwi-resistor",
      "id": "r1",
      "top": 205.55,
      "left": 316.8,
      "attrs": { "value": "1000" }
    },
    {
      "type": "wokwi-resistor",
      "id": "r2",
      "top": 128.75,
      "left": 307.2,
      "attrs": { "value": "1000" }
    },
    {
      "type": "wokwi-resistor",
      "id": "r3",
      "top": 51.95,
      "left": 307.2,
      "attrs": { "value": "1000" }
    },
    {
      "type": "wokwi-resistor",
      "id": "r4",
      "top": 176.75,
      "left": -124.8,
      "attrs": { "value": "1000" }
    },
    {
      "type": "wokwi-resistor",
      "id": "r5",
      "top": 109.55,
      "left": -124.8,
      "attrs": { "value": "1000" }
    },
    {
      "type": "wokwi-resistor",
      "id": "r6",
      "top": 51.95,
      "left": -124.8,
      "attrs": { "value": "1000" }
    },
    {
      "type": "wokwi-resistor",
      "id": "r7",
      "top": -62.4,
      "left": 57.05,
      "rotate": 90,
      "attrs": { "value": "1000" }
    },
    {
      "type": "wokwi-resistor",
      "id": "r8",
      "top": -62.4,
      "left": 114.65,
      "rotate": 90,
      "attrs": { "value": "1000" }
    },
    {
      "type": "wokwi-resistor",
      "id": "r9",
      "top": -62.4,
      "left": 172.25,
      "rotate": 90,
      "attrs": { "value": "1000" }
    }
  ],
  "connections": [
    [ "led7:A", "r7:1", "red", [ "v0" ] ],
    [ "r7:2", "uno:7", "red", [ "h0", "v27.6", "h96" ] ],
    [ "led8:A", "r8:1", "gold", [ "v0" ] ],
    [ "r8:2", "uno:6", "gold", [ "h0", "v18", "h48" ] ],
    [ "r9:1", "led9:A", "green", [ "h0" ] ],
    [ "r9:2", "uno:5", "green", [ "h0" ] ],
    [ "led1:A", "r1:2", "green", [ "v0" ] ],
    [ "r1:1", "uno:4", "green", [ "v0", "h-48", "v-220.8", "h-48" ] ],
    [ "led2:A", "r2:2", "gold", [ "v19.2" ] ],
    [ "r2:1", "uno:3", "gold", [ "v0", "h-28.8", "v-153.6", "h-48" ] ],
    [ "led3:A", "r3:2", "red", [ "v19.2" ] ],
    [ "r3:1", "uno:2", "red", [ "v-86.4", "h-67.2" ] ],
    [ "led6:A", "r6:1", "red", [ "v0" ] ],
    [ "r6:2", "uno:8", "red", [ "v-67.2", "h66" ] ],
    [ "led5:A", "r5:1", "gold", [ "v0" ] ],
    [ "r5:2", "uno:9", "gold", [ "v0", "h8.4", "v-124.8", "h220.8" ] ],
    [ "r4:1", "led4:A", "green", [ "v0" ] ],
    [ "r4:2", "uno:10", "green", [ "v0", "h27.6", "v-182.4" ] ],
    [ "led4:C", "uno:GND.1", "magenta", [ "v0", "h-38", "v-201.6", "h307.2" ] ],
    [ "led5:C", "uno:GND.1", "magenta", [ "v0", "h-38", "v-134.4", "h307.2" ] ],
    [ "led6:C", "uno:GND.1", "magenta", [ "v0", "h-38", "v-76.8", "h307.2" ] ],
    [ "led7:C", "uno:GND.1", "magenta", [ "v105.6", "h0.4" ] ],
    [ "led8:C", "uno:GND.1", "magenta", [ "v0", "h-18.8" ] ],
    [ "led9:C", "uno:GND.1", "magenta", [ "v0", "h-28.4", "v96", "h-48" ] ],
    [ "led3:C", "uno:GND.1", "magenta", [ "v0", "h-268.4" ] ],
    [ "led2:C", "uno:GND.1", "magenta", [ "v0", "h-86", "v-76.8", "h-182.4" ] ],
    [ "led1:C", "uno:GND.1", "magenta", [ "v0", "h-114.8", "v-153.6", "h-163.2" ] ]
  ],
  "dependencies": {}
}